MAE,RMSE,MAPE,Mean_Predicted_mm,Mean_Actual_mm
24.231353759765625,34.77185688527433,461278.25,80.91672,80.067566
